subject,predicate,object,start_date,end_date
Reconquista,participant,Kingdom of Portugal,0732-01-01,1492-01-11
Battle of Trancoso,participant,Kingdom of Portugal,1140-01-01,1140-01-01
Siege of Lisbon,participant,Kingdom of Portugal,1142-01-01,1142-01-01
Capture of Soure,participant,Kingdom of Portugal,1144-09-01,1144-09-01
Second Crusade,participant,Kingdom of Portugal,1147-01-01,1149-01-01
Conquest of Santarém,participant,Kingdom of Portugal,1147-03-21,1147-03-22
Battle of Sacavém,participant,Kingdom of Portugal,1147-07-01,1147-07-01
Siege of Lisbon,participant,Kingdom of Portugal,1147-07-01,1147-10-25
Battle of Alcácer do Sal,participant,Kingdom of Portugal,1161-01-01,1161-01-01
Luso–Leonese War of 1162–1165,participant,Kingdom of Portugal,1162-01-01,1165-01-01
Battle of Palmela,participant,Kingdom of Portugal,1165-01-01,1165-01-01
Luso–Leonese War of 1167–1169,participant,Kingdom of Portugal,1167-01-01,1169-01-01
Siege of Badajoz,participant,Kingdom of Portugal,1169-04-01,1169-05-28
Capture of Juromenha,participant,Kingdom of Portugal,1170-11-01,1170-11-01
Siege of Santarém,participant,Kingdom of Portugal,1171-01-01,1171-01-01
Spanish Christian–Muslim War of 1172–1212,participant,Kingdom of Portugal,1172-01-01,1212-01-01
Siege of Abrantes,participant,Kingdom of Portugal,1179-10-01,1179-10-01
Capture of Coruche,participant,Kingdom of Portugal,1180-01-01,1180-01-01
Battle of Cabo Espichel,participant,Kingdom of Portugal,1180-08-05,1180-08-05
Siege of Évora,participant,Kingdom of Portugal,1181-06-01,1181-06-01
Battle of Ceuta (1182),participant,Kingdom of Portugal,1182-01-01,1182-01-01
Battle of Silves,participant,Kingdom of Portugal,1182-06-01,1182-06-01
Siege of Santarém,participant,Kingdom of Portugal,1184-07-04,1184-08-05
Siege of Silves,participant,Kingdom of Portugal,1189-07-28,1189-09-10
Almohad campaign against Portugal,participant,Kingdom of Portugal,1190-01-01,1191-01-01
Siege of Silves,participant,Kingdom of Portugal,1190-06-13,1190-07-01
Siege of Tomar,participant,Kingdom of Portugal,1190-07-20,1190-07-26
Siege of Alcácer do Sal,participant,Kingdom of Portugal,1191-04-01,1191-06-01
Siege of Silves,participant,Kingdom of Portugal,1191-07-04,1191-07-30
Luso-Leonese War of 1196–1200,participant,Kingdom of Portugal,1196-01-01,1200-01-01
War between Castile and León,participant,Kingdom of Portugal,1196-01-01,1197-01-01
Luso-Leonese War of 1219–1223,participant,Kingdom of Portugal,1219-01-01,1223-01-01
Portuguese Civil War of 1245–1247,participant,Kingdom of Portugal,1245-07-31,1247-01-01
Siege of Faro,participant,Kingdom of Portugal,1249-04-03,1249-04-03
Portuguese–Castillian War of 1250–1253,participant,Kingdom of Portugal,1250-01-01,1253-01-01
Luso-Castilian War of 1295–1297,participant,Kingdom of Portugal,1295-01-01,1297-01-01
Battle of Villanueva de Barcarrota,participant,Kingdom of Portugal,1336-01-01,1336-01-01
Luso-Castilian War of 1336–1339,participant,Kingdom of Portugal,1336-01-01,1339-01-01
Battle of Cape St. Vincent,participant,Kingdom of Portugal,1337-07-29,1337-07-29
Battle of Río Salado,participant,Kingdom of Portugal,1340-11-07,1340-11-07
Battle of Guadalmesí,participant,Kingdom of Portugal,1342-04-16,1342-04-16
Battle of Barcelona,participant,Kingdom of Portugal,1359-06-17,1359-06-19
Fernandine Wars,participant,Kingdom of Portugal,1369-01-01,1382-01-01
First Fernandine War,participant,Kingdom of Portugal,1369-01-01,1371-01-01
Siege of Monção,participant,Kingdom of Portugal,1369-01-01,1369-01-01
Siege of Zamora,participant,Kingdom of Portugal,1369-06-01,1371-03-06
Battle of Lisbon,participant,Kingdom of Portugal,1373-03-15,1373-03-15
Third Fernandine War,participant,Kingdom of Portugal,1381-01-01,1382-01-01
Battle of Saltes Island,participant,Kingdom of Portugal,1381-07-25,1381-07-25
1383–1385 Portuguese Interregnum,participant,Kingdom of Portugal,1383-04-01,1385-10-01
Galician campaign,participant,Kingdom of Portugal,1384-01-01,1384-01-01
Battle of Atoleiros,participant,Kingdom of Portugal,1384-04-14,1384-04-14
Siege of Lisbon,participant,Kingdom of Portugal,1384-05-29,1384-09-03
Naval Battle of the Tejo,participant,Kingdom of Portugal,1384-07-26,1384-07-26
Battle of Aljubarrota,participant,Kingdom of Portugal,1385-08-14,1385-08-14
Zayyanid–Iberian conflicts,participant,Kingdom of Portugal,1415-01-01,1543-01-01
Conquest of Ceuta,participant,Kingdom of Portugal,1415-08-30,1415-08-30
Aljazira Skirmish,participant,Kingdom of Portugal,1415-09-01,1415-09-01
Good Friday Skirmish (1417),participant,Kingdom of Portugal,1417-04-20,1417-04-20
Escaramuça dos Gazulos (1418),participant,Kingdom of Portugal,1418-06-23,1418-06-23
Ransack of Larache (1419),participant,Kingdom of Portugal,1419-07-01,1419-07-01
Second Siege of Ceuta,participant,Kingdom of Portugal,1419-08-22,1419-08-26
First Siege of Ceuta,participant,Kingdom of Portugal,1419-08-22,1419-08-26
Jihad of Auderamem,participant,Portuguese Empire,1420-01-01,1420-01-01
Ataque dos Gazulos,participant,Portuguese Empire,1420-07-02,1420-07-02
Skirmish on the eve of Santa Maria de September,participant,Kingdom of Portugal,1429-09-16,1429-09-16
Battle of Oran,participant,Kingdom of Portugal,1437-01-01,1437-01-01
Battle of Tangier,participant,Kingdom of Portugal,1437-09-22,1437-10-28
Portuguese expedition to Rio Grande,participant,Kingdom of Portugal,1447-01-01,1447-01-01
Battle of Alfarrobeira,participant,Kingdom of Portugal,1449-05-29,1449-05-29
Siege of Tangier,participant,Kingdom of Portugal,1463-11-01,1464-01-28
Portuguese expedition against the Aït Azzafou,participant,Kingdom of Portugal,1464-01-01,1464-01-01
Guaraní invasions,participant,Kingdom of Portugal,1470-01-01,1523-01-01
War of the Castilian Succession,participant,Kingdom of Portugal,1475-01-01,1479-09-13
Siege of Burgos,participant,Kingdom of Portugal,1475-08-01,1476-01-28
Battle of Gibraltar (1476),participant,Kingdom of Portugal,1476-01-01,1476-01-01
Battle of Cape St. Vincent,participant,Kingdom of Portugal,1476-08-22,1476-08-22
Battle of Mourão,participant,Kingdom of Portugal,1477-01-01,1477-01-01
Battle of Guinea,participant,Kingdom of Portugal,1478-01-01,1478-01-01
Battle of La Albuera,participant,Kingdom of Portugal,1479-03-05,1479-03-05
Portuguese expedition to Senegal,participant,Kingdom of Portugal,1487-01-01,1487-01-01
Siege of Graciosa,participant,Kingdom of Portugal,1489-07-01,1489-09-05
First Luso-Malabarese War,participant,Kingdom of Portugal,1500-12-28,1514-01-03
Battle of Tangier,participant,Portuguese Empire,1502-01-01,1502-01-01
Battle of Pandarane,participant,Portuguese Empire,1504-01-01,1504-01-01
Baloch–Portuguese conflicts,participant,Kingdom of Portugal,1505-01-01,1619-01-01
Mamluk–Portuguese conflicts,participant,Kingdom of Portugal,1505-03-26,1517-02-05
Portuguese expedition to Sofala,participant,Kingdom of Portugal,1505-05-28,1507-01-01
Battle of Mombasa,participant,Portuguese Empire,1505-08-25,1505-08-25
Adil Shahi–Portuguese conflicts,participant,Portuguese Empire,1506-03-11,1659-01-01
Siege of Anjadiva,participant,Portuguese Empire,1506-03-11,1506-03-26
Battle of Socotra,participant,Portuguese Empire,1507-01-01,1507-01-01
Portuguese–Safavid wars,participant,Portuguese Empire,1507-01-01,1625-01-01
Capture of Muscat,participant,Kingdom of Portugal,1507-01-01,1507-01-01
Capture of Qurayyat,participant,Kingdom of Portugal,1507-08-28,1507-08-28
Battle of Chaul,participant,Kingdom of Portugal,1508-03-01,1508-03-01
Siege of Asilah,participant,Kingdom of Portugal,1508-10-29,1508-11-02
Malay-Portuguese War,participant,Portuguese Empire,1509-01-01,1641-01-01
Portuguese-Turkish War,participant,Portuguese Empire,1509-01-01,1509-01-01
Battle of Dabul,participant,Portuguese Empire,1509-01-08,1509-01-08
Battle of Cape Finisterre,participant,Kingdom of Portugal,1509-01-28,1509-01-28
Battle of Diu,participant,Portugal,1509-02-03,1509-02-03
Battle of Salt River,participant,Portuguese Empire,1510-03-11,1510-03-11
Capture of Castelo Real,participant,Portuguese Empire,1510-11-01,1510-11-01
Capture of Malacca,participant,Portuguese Empire,1511-08-04,1511-08-25
Demak–Portuguese conflicts,participant,Kingdom of Portugal,1512-01-01,1527-01-01
Capture of Banastharim,participant,Kingdom of Portugal,1512-01-01,1512-11-28
Battle of Malacca,participant,Kingdom of Portugal,1513-01-01,1513-01-01
Siege of Aden,participant,Portuguese Empire,1513-04-05,1513-04-05
Battle of Tednest,participant,Portuguese Empire,1514-01-01,1514-01-01
Battle of the Alcaides,participant,Kingdom of Portugal,1514-01-01,1514-01-01
Portuguese intervention in Hormuz,participant,Kingdom of Portugal,1514-01-01,1515-01-01
Igala–Benin War,participant,Portuguese Empire,1515-01-01,1516-01-01
Portuguese invasion of Couto Misto,participant,Kingdom of Portugal,1517-01-01,1518-01-01
Siege of Jeddah,participant,Portuguese Empire,1517-04-22,1517-04-22
Battle of Zeila,participant,Portuguese Empire,1517-07-01,1517-07-01
Siege of Goa,participant,Portuguese Empire,1517-07-01,1517-09-01
Acehnese–Portuguese conflicts,participant,Portuguese Empire,1519-01-01,1639-01-01
Maldivian–Portuguese conflicts,participant,Kingdom of Portugal,1521-01-01,1650-01-01
First Battle of Tamao,participant,Portugal,1521-01-01,1521-01-01
Portuguese invasion of Bahrain,participant,Portuguese Empire,1521-01-01,1521-01-01
Attack on Bintan,participant,Portuguese Empire,1521-10-01,1521-10-01
Luso–Bijapuri War,participant,Portuguese Empire,1523-01-01,1524-01-01
Expedition to Kamaran,participant,Portuguese Empire,1523-01-01,1523-01-01
Battle of al-Shihr,participant,Portuguese Empire,1523-03-07,1523-03-07
Siege of Benambre,participant,Kingdom of Portugal,1527-07-19,1527-07-19
Malay-Acehnese conflicts,participant,Portuguese Empire,1528-01-01,1629-01-01
Battle of Mombasa,participant,Portuguese Empire,1528-01-01,1528-01-01
Battle of Aceh,participant,Portuguese Empire,1528-04-01,1528-04-01
Ethiopian–Adal War,participant,Portuguese Empire,1529-01-01,1543-01-01
Siege of Bahrain,participant,Portuguese Empire,1529-09-30,1529-10-14
Ternatean–Portuguese conflicts,participant,Portuguese Empire,1530-01-01,1605-01-01
Siege of Agadir,participant,Kingdom of Portugal,1533-04-01,1533-03-01
Iguape War,participant,Kingdom of Portugal,1534-01-01,1536-01-01
Battle of Reishahr,participant,Portuguese Empire,1534-04-01,1534-04-01
Battle of Malacca,participant,Portuguese Empire,1534-05-01,1534-05-01
Mughal–Portuguese conflicts,participant,Portuguese Empire,1535-01-01,1693-01-01
Conquest of Tunis,participant,Kingdom of Portugal,1535-06-26,1535-07-31
Battle of Ugentana,participant,Portuguese Empire,1536-01-01,1536-01-01
Battle of Tidore,participant,Portuguese Empire,1536-12-31,1536-12-31
Ottoman–Portuguese conflicts of 1538–1560,participant,Portuguese Empire,1538-01-01,1557-01-01
Ottoman–Portuguese confrontations,participant,Portuguese Empire,1538-01-01,1718-01-01
Battle of Beadala,participant,Portuguese Empire,1538-02-28,1538-03-02
Siege of Diu,participant,Portuguese Empire,1538-08-01,1538-11-01
Burmese–Portuguese conflicts,participant,Kingdom of Portugal,1539-01-01,1666-01-01
Battle of Suakin,participant,Portuguese Empire,1541-01-01,1541-01-01
Battle of El Tor,participant,Portuguese Empire,1541-01-01,1541-01-01
Battle of Massawa,participant,Portuguese Empire,1541-05-01,1541-05-01
Battle of Baçente,participant,Portuguese Empire,1542-02-12,1542-02-12
Battle of Jarte,participant,Portuguese Empire,1542-04-14,1542-04-26
Battle of the Hill of the Jews,participant,Portuguese Empire,1542-08-01,1542-08-01
Battle of Wofla,participant,Portuguese Empire,1542-09-07,1542-09-07
Siege of Campar,participant,Kingdom of Portugal,1543-01-01,1543-01-01
Battle of Wayna Daga,participant,Portuguese Empire,1543-03-03,1543-03-03
Vitthala's Invasion of Fishery Coast,participant,Portuguese Empire,1544-01-01,1544-01-01
Attack on Jailolo,participant,Portuguese Empire,1545-11-01,1545-11-01
Luso–Bijapuri War,participant,Portuguese Empire,1547-01-01,1548-09-01
Battle of Perlis River,participant,Portuguese Empire,1547-12-16,1547-12-16
Capture of Aden,participant,Portuguese Empire,1548-03-07,1548-03-07
Battle of al-Shihr,participant,Portuguese Empire,1548-04-17,1548-04-17
Battle of Vedalai,participant,Portuguese Empire,1549-01-01,1549-01-01
Battle of Bab al-Mandab,participant,Portuguese Empire,1551-01-01,1551-01-01
Siege of Malacca,participant,Portuguese Empire,1551-06-01,1551-09-01
Siege of Qatif,participant,Portuguese Empire,1551-07-01,1551-07-01
Ottoman campaign against Hormuz,participant,Portuguese Empire,1552-01-01,1554-01-01
Capture of Muscat,participant,Portuguese Empire,1552-08-01,1552-08-01
Siege of Hormuz,participant,Portuguese Empire,1552-09-01,1552-09-01
Battle of Punnaikayal,participant,Portuguese Empire,1553-01-01,1553-01-01
Battle of the Bay of Velez,participant,Kingdom of Portugal,1553-07-15,1553-07-15
Battle of the Strait of Hormuz,participant,Portuguese Empire,1553-08-01,1553-08-01
Battle of the Gulf of Oman,participant,Portuguese Empire,1554-08-20,1554-09-04
Luso–Bijapuri War,participant,Portuguese Empire,1555-01-01,1557-01-01
Siege of Santhome,participant,Portuguese Empire,1558-01-01,1558-01-01
Siege of Cannanore,participant,Kingdom of Portugal,1559-01-01,1559-01-01
Battle of Kamaran,participant,Portuguese Empire,1560-01-01,1560-01-01
1560 Portuguese invasion of the Jaffna kingdom,participant,Portuguese Empire,1560-01-01,1560-01-01
Battle of Fukuda Bay,participant,Kingdom of Portugal,1565-10-28,1565-10-28
Francisco Barreto's expedition to Monomotapa,participant,Kingdom of Portugal,1569-04-01,1573-01-01
Martim Afonso de Sousa's expedition to Brazil,participant,Kingdom of Portugal,1569-04-01,1573-01-01
Siege of Goa,participant,Kingdom of Portugal,1570-12-01,1571-12-23
Siege of Chaul,participant,Portuguese Empire,1570-12-25,1571-08-03
Siege of Honavar,participant,Portuguese Empire,1571-07-01,1571-07-01
Siege of Malacca,participant,Portuguese Empire,1573-10-01,1573-11-01
Siege of Malacca,participant,Portuguese Empire,1574-10-15,1574-12-01
Siege of Malacca,participant,Portuguese Empire,1575-02-10,1575-02-27
Battle of Alcácer Quibir,participant,Kingdom of Portugal,1578-08-14,1578-08-14
Cuanza River Campaign,participant,Kingdom of Portugal,1580-05-01,1580-05-01
Battle of Alcântara,participant,Kingdom of Portugal,1580-09-04,1580-09-04
Naval Battle of the Tagus,participant,Kingdom of Portugal,1580-09-07,1580-09-07
Capture of Porto,participant,Kingdom of Portugal,1580-11-03,1580-11-03
Capture of Muscat,participant,Portuguese Empire,1581-01-01,1581-01-01
Siege of Daman,participant,Portuguese Empire,1581-01-01,1581-01-01
Battle of Salga,participant,Kingdom of Portugal,1581-08-04,1581-08-04
Battle of Ponta Delgada,participant,Kingdom of Portugal,1582-08-05,1582-08-05
Battle of Talandongo,participant,Kingdom of Portugal,1583-02-02,1583-02-02
Ternate expedition,participant,Portuguese Empire,1585-02-01,1585-10-01
Battle of Johor,participant,Portuguese Empire,1586-01-01,1586-01-01
Siege of Colombo,participant,Portuguese Empire,1587-06-01,1588-02-01
Siege of Johor,participant,Portuguese Empire,1587-07-01,1587-08-01
Battle of Mombasa,participant,Kingdom of Portugal,1589-03-05,1589-03-05
1591 portuguese invasion of the Jaffna kingdom,participant,Portuguese Empire,1591-01-01,1591-01-01
Battle of Flores,participant,Portugal,1592-05-20,1592-08-13
Banten invasion of Palembang,participant,Kingdom of Portugal,1596-01-01,1596-01-01
Zamorin–Portuguese conflicts,participant,Portuguese Empire,1600-01-01,1600-01-01
Ternate expedition,participant,Portuguese Empire,1603-02-14,1603-03-23
Syriam battles,participant,Kingdom of Portugal,1605-01-22,1605-01-29
Capture of Amboina,participant,Portuguese Empire,1605-02-22,1605-02-22
Battle of Cape Rachado,participant,Portugal,1606-08-18,1606-08-18
Battle of Pulo Buton,participant,Kingdom of Portugal,1606-12-13,1606-12-16
Siege of Mozambique,participant,Portuguese Empire,1607-03-29,1607-08-20
Siege of Mozambique,participant,Portuguese Empire,1608-07-01,1608-08-18
Red Seal ship incident,participant,Kingdom of Portugal,1608-11-30,1608-11-30
Nossa Senhora da Graça incident,participant,Kingdom of Portugal,1610-01-03,1610-01-06
Battle of Swally,participant,Portugal,1612-12-09,1612-12-10
Capture of Cambarão,participant,Portuguese Empire,1614-09-29,1614-12-21
Battle of Formoso River,participant,Portuguese Empire,1615-11-27,1615-12-02
Barbary–Portuguese conflicts,participant,Kingdom of Portugal,1617-01-01,1819-01-01
Portuguese attack on the Catherine,participant,Kingdom of Portugal,1618-09-01,1618-09-01
Battle of Vannarapannai,participant,Portuguese Empire,1619-01-01,1619-01-01
Battle of Dschask,participant,Portugal,1620-12-28,1620-12-28
Anglo-Persian capture of Qeshm,participant,Portuguese Empire,1621-06-01,1622-02-01
Sinking of the Nossa Senhora da Conceição,participant,Kingdom of Portugal,1621-10-08,1621-10-11
Battle of Macau,participant,Portuguese Empire,1622-06-22,1622-06-24
Siege of Basra,participant,Kingdom of Portugal,1624-01-01,1628-01-01
Filips van Zuylen's campaign agaisnt Luanda,participant,Kingdom of Portugal,1624-06-01,1624-12-01
Battle of the three islands,participant,Portugal,1625-02-01,1625-02-24
Battle of Duyon River,participant,Portuguese Empire,1629-06-01,1629-12-01
Sinking of the Flensborg,participant,Portuguese Empire,1629-12-02,1629-12-02
Battle of Jambi,participant,Kingdom of Portugal,1630-04-05,1630-05-05
Battle of Abrolhos,participant,Portugal,1631-09-12,1631-09-12
Siege of Hooghly,participant,Portuguese Empire,1632-06-24,1632-09-24
Capture of Julfar,participant,Portuguese Empire,1633-01-01,1633-01-01
Siege of Sohar,participant,Portuguese Empire,1633-08-08,1643-11-07
Battle of Goa,participant,Kingdom of Portugal,1638-01-01,1639-01-01
Siege of Daman,participant,Portuguese Empire,1638-01-01,1639-01-01
Action of 30 September 1639,participant,Portuguese Empire,1639-09-30,1639-09-30
Siege of Malacca,participant,Portuguese Empire,1640-08-03,1641-01-14
Portuguese Restoration War,participant,Kingdom of Portugal,1640-12-01,1668-02-13
Siege of São Filipe,participant,Kingdom of Portugal,1641-03-27,1642-03-04
Battle of Vilaza,participant,Kingdom of Portugal,1642-01-01,1642-01-01
Battle of Casa Forte,participant,Kingdom of Portugal,1645-08-17,1645-08-17
Battle of Tejucupapo,participant,Kingdom of Portugal,1646-04-24,1646-04-24
Siege of Kweilin,participant,Kingdom of Portugal,1647-03-01,1647-07-01
Capture of Muscat,participant,Portuguese Empire,1649-01-01,1650-01-01
Luso–Bijapuri War,participant,Portuguese Empire,1654-01-01,1655-03-07
Action of 23 March 1654,participant,Portuguese Empire,1654-03-23,1654-03-23
Action of 2 May 1654,participant,Portuguese Empire,1654-05-02,1654-05-02
Battle of Mannar,participant,Portuguese Empire,1658-02-22,1658-02-22
Battle of Margão,participant,Portuguese Empire,1659-01-01,1659-01-01
Battle of Mbwila,participant,Portugal,1665-10-29,1665-10-29
Johor–Jambi wars,participant,Portuguese Empire,1666-01-01,1681-01-01
Johor-Jambi war,participant,Portuguese Empire,1666-01-01,1681-01-01
Mbwila Rebellion,participant,Kingdom of Portugal,1691-01-01,1693-01-01
Mughal–Portuguese War,participant,Portuguese Empire,1692-01-01,1693-01-01
Battle of Daman,participant,Portuguese Empire,1694-03-23,1694-03-23
Battle of Mamora,participant,Portuguese Empire,1696-01-01,1696-01-01
Siege of Mombasa,participant,Portuguese Empire,1696-03-13,1698-12-13
War of the Spanish Succession,participant,Kingdom of Portugal,1701-03-01,1714-09-07
Battle of Surat,participant,Portuguese Empire,1704-02-02,1704-02-02
Siege of Colonia del Sacramento,participant,Kingdom of Portugal,1704-12-01,1705-02-01
Battle of Cabrita Point,participant,Kingdom of Portugal,1705-03-21,1705-03-21
Siege of Ciudad Rodrigo,participant,Kingdom of Portugal,1706-05-25,1706-05-25
Siege of Ciudad Rodrigo,participant,Kingdom of Portugal,1707-09-18,1707-10-04
Battle of La Gudiña,participant,Kingdom of Portugal,1709-05-07,1709-05-07
Battle of Rio de Janeiro,participant,Kingdom of Portugal,1710-09-19,1710-09-19
Battle of Rio de Janeiro,participant,Kingdom of Portugal,1711-09-12,1711-09-22
Siege of Campo Maior,participant,Kingdom of Portugal,1712-09-28,1712-10-29
Battle of Surat,participant,Kingdom of Portugal,1714-02-19,1714-02-19
Siege of Corfu,participant,Kingdom of Portugal,1716-07-08,1716-08-21
Battle of Matapan,participant,Kingdom of Portugal,1717-07-19,1717-07-19
Capture of the Virgin of the Cape,participant,Portugal,1721-04-26,1721-04-26
Cabinda expedition,participant,Kingdom of Portugal,1723-09-23,1723-09-25
Maratha–Portuguese War,participant,Portuguese Empire,1729-05-01,1732-01-30
Siege of Colonia del Sacramento,participant,Portuguese Empire,1735-10-01,1737-09-01
Spanish–Portuguese War of 1735-1737,participant,Portuguese Empire,1735-10-14,1737-08-01
Battle of Vasai,participant,Portuguese Empire,1739-02-17,1739-05-16
Siege of Tiracol,participant,Portuguese Empire,1746-01-01,1746-01-01
Siege of Alorna,participant,Portuguese Empire,1746-05-04,1746-05-04
Battle of Calicut,participant,Portuguese Empire,1752-12-11,1752-12-11
Guaraní War,participant,Kingdom of Portugal,1756-02-01,1756-02-01
Battle of Caiboaté,participant,Kingdom of Portugal,1756-02-10,1756-02-10
Seven Years' War,participant,Kingdom of Portugal,1756-05-17,1763-02-15
Spanish–Portuguese War of 1762–1763,participant,Kingdom of Portugal,1762-01-01,1763-01-01
Anglo-Spanish War,participant,Kingdom of Portugal,1762-01-01,1763-01-01
Spanish invasion of Portugal,participant,Kingdom of Portugal,1762-05-05,1762-11-24
Battle of Valencia de Alcántara,participant,Kingdom of Portugal,1762-08-27,1762-08-27
Battle of Alvito,participant,Kingdom of Portugal,1762-10-03,1762-10-03
Battle of Oughela,participant,Kingdom of Portugal,1762-11-19,1762-11-19
Portuguese–Ovimbundu War,participant,Kingdom of Portugal,1774-01-01,1778-01-01
Spanish–Portuguese War of 1776-1777,participant,Portuguese Empire,1776-02-01,1777-02-24
Action of 26 May 1789,participant,Kingdom of Portugal,1789-05-26,1789-05-26
French Revolutionary Wars,participant,Kingdom of Portugal,1792-04-20,1802-03-25
War of the Pyrenees,participant,Kingdom of Portugal,1793-03-07,1795-07-22
Battle of Villelongue,participant,Kingdom of Portugal,1793-12-07,1793-12-18
First Battle of Sant Llorenç de la Muga,participant,Kingdom of Portugal,1794-05-19,1794-05-19
Battle of Bascara,participant,Kingdom of Portugal,1795-06-14,1795-06-14
War of the Second Coalition,participant,Kingdom of Portugal,1798-01-01,1801-01-01
Action of 15 August 1799,participant,Kingdom of Portugal,1799-08-15,1799-08-15
Battle of Flor da Rosa,participant,Kingdom of Portugal,1801-06-04,1801-06-04
Algeciras Campaign,participant,Portugal,1801-06-13,1801-07-14
Second Battle of Algeciras,participant,Portugal,1801-07-12,1801-07-13
Action of 27 May 1802,participant,Kingdom of Portugal,1802-05-27,1802-05-27
Caribbean campaign of 1803–1810,participant,Kingdom of Portugal,1803-01-01,1810-01-01
French invasions of Portugal,participant,Kingdom of Portugal,1807-11-19,1811-04-01
Invasion of Portugal,participant,Kingdom of Portugal,1807-11-19,1807-11-30
Peninsular War,participant,Kingdom of Portugal,1808-05-02,1814-04-17
Battle of Roliça,participant,Kingdom of Portugal,1808-08-17,1808-08-17
Second French invasion of Portugal,participant,Kingdom of Portugal,1809-02-03,1809-05-12
Battle of the Tiger's Mouth,participant,Portugal,1809-09-01,1809-09-01
Third French invasion of Portugal,participant,Kingdom of Portugal,1810-07-01,1811-04-01
Battle of Fuente de Cantos,participant,Kingdom of Portugal,1810-09-15,1810-09-15
Battle of Évora de Alcobaça,participant,Kingdom of Portugal,1810-12-08,1810-12-08
Battle of El Bodon,participant,Kingdom of Portugal,1811-09-25,1811-09-25
Combat of Aldea da Ponte,participant,Kingdom of Portugal,1811-09-27,1811-09-27
Battle of Almaraz,participant,Kingdom of Portugal,1812-05-18,1812-05-19
Battle of Seville,participant,Kingdom of Portugal,1812-08-27,1812-08-27
Battle of San Muñoz,participant,Kingdom of Portugal,1812-11-12,1812-11-12
Battle of San Millan-Osma,participant,Kingdom of Portugal,1813-06-18,1813-06-18
Pyrenees Offensive,participant,Kingdom of Portugal,1813-07-25,1813-08-02
Battle of the Bidassoa,participant,Kingdom of Portugal,1813-10-07,1813-10-07
Campaign in south-west France,participant,Kingdom of Portugal,1813-10-07,1814-04-18
Battle of Nivelle,participant,Kingdom of Portugal,1813-11-10,1813-11-10
Battle of the Nive,participant,Kingdom of Portugal,1813-12-09,1813-12-13
Battle of Garris,participant,Kingdom of Portugal,1814-02-15,1814-02-15
Battle of Orthez,participant,Kingdom of Portugal,1814-02-27,1814-02-27
Battle of Bayonne,participant,Kingdom of Portugal,1814-02-27,1814-06-05
Battle of Aire-sur-l'Adour,participant,Kingdom of Portugal,1814-03-02,1814-03-02
Battle of Tarbes,participant,Kingdom of Portugal,1814-03-20,1814-03-20
Battle of Toulouse,participant,Kingdom of Portugal,1814-04-10,1814-04-10
Hundred Days,participant,Portugal,1815-03-20,1815-07-08
Portugal–Angoche conflict,participant,Portuguese Empire,1847-07-01,1910-01-01
Passaleão incident,participant,Portuguese Empire,1849-08-25,1849-08-25
Battle of Buaró,participant,Portuguese Empire,1886-01-01,1886-01-01
Battle of Mansomine,participant,Portuguese Empire,1886-07-01,1886-07-01
Battle of Fancá,participant,Portuguese Empire,1886-09-06,1886-09-06
Battle of Mugenga,participant,Portuguese Empire,1896-10-19,1896-10-20
American–Portuguese conflicts,participant,Portuguese Empire,1900-01-01,2000-01-01
Operation Deliberate Force,participant,Portugal,1995-08-30,1995-09-20
Kosovo War,participant,Portugal,1998-02-27,1999-06-11
